Line Number,Group Name,Product Number,Product Description,Product Brand,Product Package Size,Customer Product Number,USF Class Description,Storage Description
"1","Unassigned Group","1057510","CONTAINER, DELI SOUP 32 OZ POLYPROPYLENE PLASTIC                           ","STI / ST INTERNATIONAL SUPPLY INC",10/24 EA    ,"","DISPOSABLES","DRY NONFOOD"
"2","Unassigned Group","9269994","HAM, COOKED HWP 35% REF PORK                                               ","HORMEL",2/13 LB     ,"","PORK","REF 33 - 40 NOT RAW"
"3","Unassigned Group","8326696","ONION, YELLOW JUMBO 3+ FRESH REF BAG                                      ","CROSS VALLEY FARMS",50 LB       ,"","PRODUCE, FRESH","REF 51 - 70"
"4","Unassigned Group","232015","CHEESE, CHEDDAR WHITE SHARP PRINT VACUUM-PACK REF","GLENVIEW FARMS",10 LBA,"","CHEESE","REF 33 - 40 DAIRY"
"5","Unassigned Group","8648164","TOWEL, PAPER 9.5X9 MULTIFOLD BROWN 1 PLY                                   ","MONOGRAM",16/250 EA   ,"","DISPOSABLES","DRY NONFOOD"
"6","Unassigned Group","1100036","LINER, TRASH 40-45 GAL 40X46 BLACK ROLL CORELESS INTERLEAVE LOW DENSITY CAN","PERFORMANCE PLUS",10/10 EA    ,"","DISPOSABLES","DRY NONFOOD"
"7","Unassigned Group","5287731","NAPKIN, DINNER BLUE 15.5X15.5 ULTRA PLY 1/8 FOLD PAPER FASHNPOINT","FASHNPOINT",8/100 EA,"","DISPOSABLES","DRY NONFOOD"
"8","Unassigned Group","5359138","TOMATO, CRUSHED PEAR CANNED                                                ","SAPORITO",6/#10 CN    ,"","FRUITS and VEGETABLES, CANNED and DRIED","DRY FOOD"
"9","Unassigned Group","5013586","RADISH, FRESH REF                                                          ","PACKER",14/1 LB     ,"","PRODUCE, FRESH","REF 33 - 40 HI HUMIDITY"
"10","Produce","9546982","ARUGULA, BABY CLEANED LOOSE LEAF WILD FRESH REF BAG                        ","CROSS VALLEY FARMS",2/2 LB      ,"","PRODUCE, FRESH","REF 33 - 40 HI HUMIDITY"
"11","Produce","4725396","CELERY, STALK FRESH REF BOX                                                ","CROSS VALLEY FARMS",6 EA        ,"","PRODUCE, FRESH","REF 33 - 40 HI HUMIDITY"
"12","Produce","7331614","CELERY, STICK 4 FRESH REF                                                 ","CROSS VALLEY FARMS",4/5 LB      ,"","PRODUCE, FRESH","REF 33 - 40 HI HUMIDITY"
"13","Produce","2264516","CUCUMBER, LARGE ENGLISH SEEDLESS HOT HOUSE BULK FRESH REF                  ","PACKER",12 EA       ,"","PRODUCE, FRESH","REF 41 - 50"
"14","Produce","9326430","CILANTRO, WASHED and TRIMMED FRESH HERB                                      ","CROSS VALLEY FARMS",4/1 LB      ,"","PRODUCE, FRESH","REF 33 - 40 HI HUMIDITY"
"15","Produce","7489339","GARLIC, WHITE WHOLE CLOVE PEELED FRESH REF                                 ","CROSS VALLEY FARMS",4/5 LB      ,"","PRODUCE, FRESH","REF 33 - 40 HI HUMIDITY"
"16","Produce","8030348","GARLIC, WHITE WHOLE CLOVE PEELED FRESH REF                                 ","PACKER",4/5 LB      ,"","PRODUCE, FRESH","REF 33 - 40 HI HUMIDITY"
"17","Produce","5326426","LETTUCE, ICEBERG CLEANED and TRIMMED FRESH REF                               ","CROSS VALLEY FARMS",4/6 EA      ,"","PRODUCE, FRESH","REF 33 - 40 HI HUMIDITY"
"18","Produce","2326411","LETTUCE, ICEBERG FRESH REF BOX                                             ","CROSS VALLEY FARMS",24 EA       ,"","PRODUCE, FRESH","REF 33 - 40 HI HUMIDITY"
"19","Produce","6773394","JUICE, LEMON MEYER BLEND NOT-FROM-CONCENTRATE PLASTIC JUG REF              ","RYKOFF SEXTON",12/32 OZ    ,"","BEVERAGE","REF 33 - 40 NOT RAW"
"20","Produce","6898142","JUICE, LEMON NOT-FROM-CONCENTRATE PLASTIC BOTTLE REF                       ","NATALIE'S",6/32 OZ     ,"","BEVERAGE","REF 33 - 40 NOT RAW"
"21","Produce","1331362","MINT, FRESH HERB CELLO PACK                                                ","CROSS VALLEY FARMS",1 LB        ,"","PRODUCE, FRESH","REF 33 - 40 HI HUMIDITY"
"22","Produce","3332194","MINT, FRESH HERB                                                           ","CROSS VALLEY FARMS",8 OZ        ,"","PRODUCE, FRESH","REF 33 - 40 HI HUMIDITY"
"23","Produce","7649753","ONION, RED JUMBO BAG FRESH REF                                             ","CROSS VALLEY FARMS",5 LB        ,"","PRODUCE, FRESH","REF 51 - 70"
"24","Produce","4326690","ONION, RED JUMBO FRESH REF BAG                                             ","CROSS VALLEY FARMS",25 LB       ,"","PRODUCE, FRESH","REF 51 - 70"
"25","Produce","4821458","ONION, YELLOW JUMBO BULK FRESH REF                                         ","CROSS VALLEY FARMS",5 LB        ,"","PRODUCE, FRESH","REF 51 - 70"
"26","Produce","3011822","ONION, YELLOW JUMBO FRESH REF BOX                                          ","CROSS VALLEY FARMS",10 LB       ,"","PRODUCE, FRESH","REF 51 - 70"
"27","Produce","8011819","ONION, YELLOW MEDIUM FRESH REF                                             ","PACKER",10 LB       ,"","PRODUCE, FRESH","REF 51 - 70"
"28","Produce","5460142","ORANGE, CHOICE FRESH REF                                                   ","PACKER",24 EA       ,"","PRODUCE, FRESH","REF 33 - 40 HI HUMIDITY"
"29","Produce","9332107","PARSLEY, ITALIAN FLAT LEAF FRESH HERB                                      ","CROSS VALLEY FARMS",8 OZ        ,"","PRODUCE, FRESH","REF 33 - 40 HI HUMIDITY"
"30","Produce","7326432","PARSLEY, WASHED and DESTEMMED FRESH HERB BAG                                 ","CROSS VALLEY FARMS",4/1 LB      ,"","PRODUCE, FRESH","REF 33 - 40 HI HUMIDITY"
"31","Produce","1772698","PEPPER, BANANA HOT CRINKLE-CUT 5/16 IN BRINE SHELF STABLE PLASTIC JAR     ","ROSELI",4/1 GA      ,"","GROCERY, DRY","DRY FOOD"
"32","Produce","1807825","PEPPER, BANANA MILD RING CRINKLE-CUT 5/16 IN BRINE SHELF STABLE PLASTIC JA","ROSELI",4/1 GA      ,"","GROCERY, DRY","DRY FOOD"
"33","Produce","9457318","PEPPER, BANANA MILD SHELF STABLE                                           ","PACKER",4/1 GA      ,"","GROCERY, DRY","DRY FOOD"
"34","Produce","2338542","PICKLE, DILL KOSHER WHOLE 55-70 COUNT 3.75-6.5 PAIL DELI STYLE REF        ","MONARCH",5 GA        ,"","GROCERY, REF and FZN","REF 33 - 40 NOT RAW"
"35","Produce","2499582","PICKLE, DILL KOSHER WHOLE 55-70 COUNT 4.5-6.5 REF PAIL","MONARCH",5 GA,"","GROCERY, REF and FZN","REF 33 - 40 NOT RAW"
"36","Produce","7866116","PICKLE, DILL KOSHER WHOLE 75-90 COUNT 4.5-6.5 PAIL REF","MONARCH",5 GA,"","GROCERY, REF and FZN","REF 33 - 40 NOT RAW"
"37","Produce","3770097","PICKLE, BREAD and BUTTER CRINKLE-CUT CHIP 400-550 COUNT 5/16 REF PAIL","MONARCH",2 GA,"","GROCERY, REF and FZN","REF 33 - 40 NOT RAW"
"38","Produce","3171094","PICKLE, DILL CRINKLE-CUT CHIP 2100-2500 COUNT 3/16 PAIL SHELF STABLE","MONARCH",5 GA,"","GROCERY, DRY","DRY FOOD"
"39","Produce","1876730","PICKLE, DILL CRINKLE-CUT CHIP 2700-3400 COUNT 1/8 SHELF STABLE PAIL","MONARCH",5 GA,"","GROCERY, DRY","DRY FOOD"
"40","Produce","1053769","PICKLE, DILL KOSHER CRINKLE-CUT CHIP 265 COUNT 5/16 REF PLASTIC JAR       ","METRO DELI",2/1 GA      ,"","GROCERY, REF and FZN","REF 33 - 40 NOT RAW"
"41","Produce","1053770","PICKLE, DILL KOSHER HOT CRINKLE-CUT CHIP 210 COUNT 5/16 REF PLASTIC JAR   ","METRO DELI",2/1 GA      ,"","GROCERY, REF and FZN","REF 33 - 40 NOT RAW"
"42","Produce","5013586","RADISH, FRESH REF                                                          ","PACKER",14/1 LB     ,"","PRODUCE, FRESH","REF 33 - 40 HI HUMIDITY"
"43","Produce","1264180","RADISH, WATERMELON TRIMMED FRESH REF                                       ","CROSS VALLEY FARMS",5 LB        ,"","PRODUCE, FRESH","REF 33 - 40 HI HUMIDITY"
"44","Produce","7333024","TOMATO, ROUND 5X6 #1 GRADE FRESH REF 1 LAYER BOX                           ","CROSS VALLEY FARMS",10 LB       ,"","PRODUCE, FRESH","REF 51 - 70"
"45","Produce","4332938","TOMATO, ROUND 4X5 #1 GRADE FRESH REF 2 LAYER BOX                           ","CROSS VALLEY FARMS",20 LB       ,"","PRODUCE, FRESH","REF 51 - 70"
"46","Produce","2331353","TOMATO, ROUND 5X6 #1 GRADE FRESH REF BULK                                  ","CROSS VALLEY FARMS",25 LB       ,"","PRODUCE, FRESH","REF 51 - 70"
"47","Produce","1332873","THYME, FRESH HERB                                                          ","CROSS VALLEY FARMS",8 OZ        ,"","PRODUCE, FRESH","REF 33 - 40 HI HUMIDITY"
"48","Produce","8326324","THYME, FRESH HERB                                                          ","CROSS VALLEY FARMS",1 LB        ,"","PRODUCE, FRESH","REF 33 - 40 HI HUMIDITY"
"49","Produce","4331971","BASIL, FRESH HERB                                                          ","CROSS VALLEY FARMS",8 OZ        ,"","PRODUCE, FRESH","REF 51 - 70"
"50","Produce","4326401","BASIL, FRESH HERB                                                          ","CROSS VALLEY FARMS",1 LB        ,"","PRODUCE, FRESH","REF 51 - 70"
"51","Meat","823005","EGG, SHELL EXTRA-LARGE GRADE AA WHITE LOOSE PACK FRESH                     ","GLENVIEW FARMS",15 DZ       ,"","DAIRY","REF 33 - 40 RAW"
"52","Meat","823013","EGG, SHELL LARGE GRADE AA WHITE LOOSE PACK FRESH EXP                       ","GLENVIEW FARMS",15 DZ       ,"","DAIRY","REF 33 - 40 RAW"
"53","Meat","823021","EGG, SHELL MEDIUM GRADE AA WHITE LOOSE PACK FRESH                          ","GLENVIEW FARMS",15 DZ       ,"","DAIRY","REF 33 - 40 RAW"
"54","Meat","923250","BEEF, GROUND 81/19 FINE RAW REF CHUB                                       ","CATTLEMAN'S SELECTION",4/5 LBA     ,"","BEEF","REF 28 - 32 RAW"
"55","Meat","9360736","BEEF, GROUND 80/20 FINE RAW REF VACUUM-PACK","CATTLEMAN'S SELECTION",10 LB,"","BEEF","REF 28 - 32 RAW"
"56","Meat","5510359","BEEF, GROUND CHUCK 81/19 CHOICE FINE RAW FRESH-TO-FROZEN CHUB","STERLING SILVER PREMIUM MEATS",6/10 LBA,"","BEEF","FROZEN  0"
"57","Meat","3718097","PORK, GROUND 80/20 COARSE RAW 496 NATURAL FROZEN VACUUM-PACK               ","PATUXENT FARMS",4/2.5 LB    ,"","PORK","FROZEN  0"
"58","Meat","2377315","TUNA, LIGHT SKIPJACK FLAKE IN WATER POUCH SHELF STABLE IMPORTED            ","MONARCH",6/43 OZ     ,"","GROCERY, DRY","DRY FOOD"
"59","Meat","7196058","HAM, CAPICOLA HOT STICK DOMESTIC COOKED REF VACUUM-PACK                    ","CITTERIO",2/6 LBA     ,"","PORK","REF 33 - 40 NOT RAW"
"60","Meat","9781253","HAM, BONELESS D-SHAPED FIRE SMOKED REF PORK                                ","METRO DELI",2/5 LBA     ,"","PORK","REF 33 - 40 NOT RAW"
"61","Meat","5888482","HAM, BONELESS D-SHAPED NATURAL-JUICE HARDWOOD SMOKED CURED COOKED 3-DIAMOND","PATUXENT FARMS",2/9-10 LBA  ,"","PORK","REF 33 - 40 NOT RAW"
"62","Meat","3938214","HAM, BONELESS D-SHAPED APPLEWOOD SMOKED NATURAL REF DELI-FACED PORK        ","METRO DELI",2/7 LBA     ,"","PORK","REF 33 - 40 NOT RAW"
"63","Meat","5888441","HAM, BONELESS PIT STYLE WATER-ADDED HARDWOOD SMOKED COOKED REF 2-DIAMOND VA","PATUXENT FARMS",2/12 LBA    ,"","PORK","REF 33 - 40 NOT RAW"
"64","Meat","5888342","HAM, BONELESS PIT WATER-ADDED HARDWOOD SMOKED COOKED REF VACUUM-PACK 2-DIAM","PATUXENT FARMS",2/16 LBA    ,"","PORK","REF 33 - 40 NOT RAW"
"65","Meat","4339677","BACON, PORK 12-14 COUNT SLAB HARDWOOD SMOKED RAW REF                       ","HATFIELD",15 LB       ,"","PORK","REF 28 - 32 RAW"
"66","Meat","3523818","BACON, PORK BELLY 7-9 COUNT SLICED SLAB HICKORY SMOKED HONEY CURED RAW REF ","HORMEL",15 LB       ,"","PORK","REF 28 - 32 RAW"
"67","Meat","1281567","BACON, PORK UNSLICED SLAB APPLEWOOD SMOKED RAW REF VACUUM-PACK             ","NUESKE",12-14 LBA   ,"","PORK","REF 28 - 32 RAW"
"68","Meat","5450101","BACON, PORK 16-18 COUNT SLAB HARDWOOD SMOKED RAW REF                       ","KUNZLER",10 LB       ,"","PORK","REF 28 - 32 RAW"
"69","Meat","2565976","TURKEY, BREAST WHOLE NATURAL SHAPE SKINLESS APPLEWOOD SMOKED ALL NATURAL RE","METRO DELI",2/6-8 LBA   ,"","POULTRY","REF 33 - 40 NOT RAW"
"70","Meat","6968994","TURKEY, BREAST WHOLE UNSLICED PAN SKINLESS ALL NATURAL COOKED REF          ","METRO DELI",2/8 LBA     ,"","POULTRY","REF 33 - 40 NOT RAW"
"71","Meat","7567019","TURKEY, BREAST WHOLE UNSLICED DOME SKIN-ON COOKED OIL BROWNED REF BAG 3-DIA","PATUXENT FARMS",2/8-10 LBA  ,"","POULTRY","REF 33 - 40 NOT RAW"
"72","Meat","1569425","TURKEY, BREAST WHOLE UNSLICED PAN SKINLESS ALL NATURAL COOKED OVEN ROASTED ","METRO DELI",2/8 LBA     ,"","POULTRY","REF 33 - 40 NOT RAW"
"73","Meat","6879555","TURKEY, BREAST WHOLE UNSLICED PAN SKINLESS MESQUITE SMOKED CURED COOKED OVE","PATUXENT FARMS",2/8 LBA     ,"","POULTRY","REF 33 - 40 NOT RAW"
"74","Meat","1996339","SALAMI, GENOA PORK BEEF STICK 6.75 LB UNCURED NATURAL COOKED REF VACUUM-PAC","METRO DELI",2/6.75 LBA  ,"","PROCESSED MEAT","REF 33 - 40 NOT RAW"
"75","Meat","2021657","SALAMI, GENOA BEEF PORK STICK 5 LB COOKED REF                              ","MAGNIFICO",2/5 LBA     ,"","PROCESSED MEAT","REF 33 - 40 NOT RAW"
"76","Meat","5219142","SALAMI, GENOA BEEF PORK STICK ARTIFICIAL CASING CURED COOKED REF           ","CITTERIO",3/6.5 LBA   ,"","PROCESSED MEAT","REF 33 - 40 NOT RAW"
"77","Meat","2514396","HAM, PROSCIUTTO SLICED DRY CURED COOKED REF PORK                           ","CITTERIO",6/1 LB      ,"","PORK","REF 33 - 40 NOT RAW"
"78","Meat","3701604","HAM, PROSCIUTTO SLICED DRY CURED COOKED DOMESTIC REF GAS FLUSHED PORK","MARGHERITA ARMOUR",12/16 OZ,"","PORK","REF 33 - 40 NOT RAW"
"79","Meat","7757217","HAM, PROSCIUTTO SLICED DRY CURED REF PORK                                  ","COLUMBUS",12/3 OZ     ,"","PORK","REF 33 - 40 NOT RAW"
"80","Meat","6874184","PEPPERONI, PORK BEEF STICK 2.75 DIAMETER COOKED FRESH-TO-FROZEN BAG       ","METRO DELI",2/4.2 LBA   ,"","PROCESSED MEAT","FROZEN  0"
"81","Meat","2669117","ROAST BEEF, BEEF TOP INSIDE ROUND CAP-OFF DELI-FACED CHOICE ANGUS ALL NATUR","METRO DELI",2/6-9 LBA   ,"","BEEF","REF 33 - 40 NOT RAW"
"82","Meat","1007005","ROAST BEEF, TOP INSIDE ROUND CAP-OFF DELI-FACED SELECT COOKED MEDIUM RARE S","CATTLEMAN'S SELECTION",2/5-9 LBA   ,"","BEEF","REF 33 - 40 NOT RAW"
"83","Meat","8270167","ROAST BEEF, BEEF DELI-FACED SLICED .5 OZ COOKED REF                        ","HORMEL",6/2 LB      ,"","BEEF","REF 33 - 40 NOT RAW"
"84","Meat","2154276","ROAST BEEF, TOP INSIDE ROUND CAP-OFF DELI-FACED COOKED MEDIUM REF          ","HORMEL",2/8 LBA     ,"","BEEF","REF 33 - 40 NOT RAW"
"85","Meat","9414640","ROAST BEEF, TOP INSIDE ROUND CAP-OFF SLICED COOKED SEASONED REF            ","OLD NEIGHBORHOOD",12/1 LB     ,"","BEEF","REF 33 - 40 NOT RAW"
"86","Meat","6275648","ROAST BEEF, TOP INSIDE ROUND DELI-FACED COOKED MEDIUM SOLUTION ADDED 12% RE","HORMEL",2/7.09 LBA  ,"","BEEF","REF 33 - 40 NOT RAW"
"87","Dairy","877506","BUTTER, SALTED SOLID AA GRADE PAPER WRAPPED REF                            ","GLENVIEW FARMS",36/1 LB     ,"","DAIRY","REF 33 - 40 DAIRY"
"88","Dairy","899807","BUTTER, UNSALTED SOLID AA GRADE PAPER WRAPPED REF                          ","GLENVIEW FARMS",36/1 LB     ,"","DAIRY","REF 33 - 40 DAIRY"
"89","Dairy","8434056","CHEESE, CHEDDAR MILD HICKORY SMOKED LOAF CVP REF                           ","METRO DELI",2/5 LBA     ,"","CHEESE","REF 33 - 40 DAIRY"
"90","Dairy","2177707","CHEESE, CHEDDAR MEDIUM LOAF RBST FREE YELLOW REF                           ","TILLAMOOK",2/5 LB      ,"","CHEESE","REF 33 - 40 DAIRY"
"91","Dairy","5880836","CHEESE, CHEDDAR MILD PRINT WRAPPED YELLOW REF YELLOW","GLENVIEW FARMS",10 LB,"","CHEESE","REF 33 - 40 DAIRY"
"92","Dairy","7340979","CREAM, WHIPPING HEAVY 36% BUTTERFAT UHT DAIRY CARTON REF                   ","GLENVIEW FARMS",12/1 QT     ,"","DAIRY","REF 33 - 40 DAIRY"
"93","Dairy","8340978","CREAM, WHIPPING HEAVY 40% BUTTERFAT UHT DAIRY CARTON GABLE TOP REF         ","GLENVIEW FARMS",12/1 QT     ,"","DAIRY","REF 33 - 40 DAIRY"
"94","Dairy","864959","CHEESE, MOZZARELLA WHOLE MILK SLICED 1 OZ VACUUM-PACK REF LOG              ","BELGIOIOSO",8/1 LB      ,"","CHEESE","REF 33 - 40 DAIRY"
"95","Dairy","7141673","CHEESE, MOZZARELLA LOG SLICED WHOLE MILK DRY PACK 1 OZ RBST FREE REF FRESH ","ROSELI",6/1 LB      ,"","CHEESE","REF 33 - 40 DAIRY"
"96","Dairy","5619714","MILK, WHOLE JUG REF","UNITED DAIRY",4/1 GA,"","DAIRY","REF 33 - 40 DAIRY"
"97","Dairy","3587482","CHEESE, PARMESAN GRATED BAG REF IMPORTED                                   ","ROSELI",4/5 LB      ,"","CHEESE","REF 33 - 40 DAIRY"
"98","Dairy","3587797","CHEESE, PARMESAN ROMANO BLEND GRATED 50/50 BAG REF                         ","ROSELI",2/5 LB      ,"","CHEESE","REF 33 - 40 DAIRY"
"99","Dairy","8869847","CHEESE, PARMESAN GRATED BAG REF                                            ","MILANO GRATED CHEESE",2/5 LB      ,"","CHEESE","REF 33 - 40 DAIRY"
"100","Dairy","1056945","CHEESE, PARMESAN GRATED BAG REF                                            ","GREAT LAKES CHEESE",2/5 LB      ,"","CHEESE","REF 33 - 40 DAIRY"
"101","Dairy","2739175","SOUR CREAM, CULTURED ALL NATURAL RBST FREE TUB REF                         ","GLENVIEW FARMS",4/5 LB      ,"","DAIRY","REF 33 - 40 DAIRY"
"102","Dairy","7635261","SOUR CREAM, CULTURED TUB REF                                               ","GLENVIEW FARMS",4/5 LB      ,"","DAIRY","REF 33 - 40 DAIRY"
"103","Dairy","7635170","SOUR CREAM, CULTURED TUB REF                                               ","GLENVIEW FARMS",2/5 LB      ,"","DAIRY","REF 33 - 40 DAIRY"
"104","Dairy","9419516","CHEESE, PROVOLONE SLICED .75 OZ TWIN PACK REF                              ","ROSELI",6/1.5 LB    ,"","CHEESE","REF 33 - 40 DAIRY"
"105","Dairy","998294","CHEESE, RICOTTA IMPASTATA WHOLE MILK TUB REF DEL PASTAIO                   ","GRANDE CHEESE COMPANY",2/5 LB      ,"","CHEESE","REF 33 - 40 DAIRY"
"106","Dairy","386664","CHEESE, RICOTTA TENERA WHOLE MILK DOMESTIC PLASTIC TUB REF FINE            ","GRANDE CHEESE COMPANY",6/3 LB      ,"","CHEESE","REF 33 - 40 DAIRY"
"107","Dairy","3783867","CHEESE, RICOTTA WHOLE MILK DOMESTIC CUP REF WHEY                           ","GALBANI",6/3 LB      ,"","CHEESE","REF 33 - 40 DAIRY"
"108","Dairy","6382386","CHEESE, PREMIUM MOZZARELLA LOW-MOISTURE-WHOLE-MILK SHREDDED FEATHER BAG REF","ROSELI",4/5 LB      ,"","CHEESE","REF 33 - 40 DAIRY"
"109","Dry Goods","760397","SPICE, OREGANO LEAF DRIED PLASTIC SHAKER SHELF STABLE SEASONING            ","MONARCH",5 OZ        ,"","GROCERY, DRY","DRY FOOD"
"110","Dry Goods","760637","SPICE, OREGANO GROUND PLASTIC SHAKER SHELF STABLE SEASONING                ","MONARCH",11 OZ       ,"","GROCERY, DRY","DRY FOOD"
"111","Dry Goods","760850","SPICE, OREGANO LEAF DRIED PLASTIC JUG SHELF STABLE SEASONING               ","MONARCH",24 OZ       ,"","GROCERY, DRY","DRY FOOD"
"112","Dry Goods","761072","SPICE, PEPPER RED CRUSHED PLASTIC JUG SHELF STABLE SEASONING               ","MONARCH",3.75 LB     ,"","GROCERY, DRY","DRY FOOD"
"113","Dry Goods","760462","SPICE, PEPPER RED CRUSHED PLASTIC SHAKER SHELF STABLE SEASONING            ","MONARCH",12 OZ       ,"","GROCERY, DRY","DRY FOOD"
"114","Dry Goods","4337457","SPICE, PEPPER RED CRUSHED SHELF STABLE SEASONING                           ","SPICE CLASSIC",12 OZ       ,"","GROCERY, DRY","DRY FOOD"
"115","Dry Goods","9519463","VINEGAR, BALSAMIC 6% ACIDITY SHELF STABLE PLASTIC JUG                      ","ROSELI",2/5 LT      ,"","GROCERY, DRY","DRY FOOD"
"116","Dry Goods","760835","SPICE, PEPPER BLACK WHOLE PLASTIC JUG                                      ","MONARCH",6 LB        ,"","GROCERY, DRY","DRY FOOD"
"117","Dry Goods","760439","SPICE, PEPPER BLACK WHOLE PLASTIC SHAKER                                   ","MONARCH",18 OZ       ,"","GROCERY, DRY","DRY FOOD"
"118","Dry Goods","5385844","SHELL, CANNOLI CHOCOLATE LARGE TRAY PACK SHELF STABLE PASTRY","VACCARO'S",8/6 EA,"","GROCERY, DRY","DRY FOOD"
"119","Dry Goods","4385845","SHELL, CANNOLI CHOCOLATE MINI TRAY PACK SHELF STABLE PASTRY","VACCARO'S",8/6 EA,"","GROCERY, DRY","DRY FOOD"
"120","Dry Goods","6292486","SHELL, CANNOLI LARGE WRAPPED SHELF STABLE PASTRY","VACCARO'S",48 EA,"","GROCERY, DRY","DRY FOOD"
"121","Dry Goods","6293658","SHELL, CANNOLI MINI WRAPPED SHELF STABLE PASTRY","VACCARO'S",48/10 GR,"","GROCERY, DRY","DRY FOOD"
"122","Dry Goods","9189275","MAYONNAISE, HEAVY-DUTY SOYBEAN OIL PLASTIC JUG SHELF STABLE                ","DUKES",4/1 GA      ,"","GROCERY, DRY","DRY FOOD"
"123","Dry Goods","1333970","OIL, CANOLA OLIVE EXTRA VIRGIN 90/10 BLEND SALAD and FRYING PLASTIC JUG      ","ROSELI",4/1 GA      ,"","OILS and SHORTENING","DRY OILS"
"124","Dry Goods","5328059","OIL, SOYBEAN OLIVE EXTRA VIRGIN 90/10 BLEND SALAD and FRYING PLASTIC JUG","ROSELI",6/1 GA,"","OILS and SHORTENING","DRY OILS"
"125","Dry Goods","4631102","OIL, OLIVE EXTRA VIRGIN IMPORTED SALAD PLASTIC BOTTLE                      ","OLIVARI CHEF SELECTION",4/3 LT      ,"","OILS and SHORTENING","DRY OILS"
"126","Dry Goods","2081958","SAUCE, HOT PLASTIC JUG SHELF STABLE ORIGINAL                               ","CHOLULA",4/64 OZ     ,"","GROCERY, DRY","DRY FOOD"
"127","Dry Goods","1285548","SAUCE, HOT RED GLASS BOTTLE SHELF STABLE ORIGINAL                          ","CHOLULA",24/5 OZ     ,"","GROCERY, DRY","DRY FOOD"
"128","Dry Goods","1627215","SUGAR, POWDERED CONFECTIONER 10X CANE                                      ","MONARCH",12/2 LB     ,"","GROCERY, DRY","DRY FOOD"
"129","Dry Goods","7028418","SUGAR, POWDERED CONFECTIONER 10X CANE                                      ","DOMINO",12/2 LB     ,"","GROCERY, DRY","DRY FOOD"
"130","Dry Goods","760140","SPICE, CHIVE CHOPPED PLASTIC SHAKER SHELF STABLE SEASONING                 ","MONARCH",1.12 OZ     ,"","GROCERY, DRY","DRY FOOD"
"131","Dry Goods","3737152","HONEY, AMBER LIGHT PLASTIC JAR SHELF STABLE                                ","HARVEST VALUE",6/5 LB      ,"","GROCERY, DRY","DRY FOOD"
"132","Dry Goods","3737327","HONEY, AMBER LIGHT PLASTIC JUG SHELF STABLE GRADE A                        ","MONARCH",6/3 LB      ,"","GROCERY, DRY","DRY FOOD"
"133","Dry Goods","3737640","HONEY, AMBER PLASTIC JUG SHELF STABLE GRADE A                              ","MONARCH",6/5 LB      ,"","GROCERY, DRY","DRY FOOD"
"134","Dry Goods","4537593","MUSTARD, DIJON EXTRA-STRONG CAN SHELF STABLE","RYKOFF SEXTON",6/9 LB,"","GROCERY, DRY","DRY FOOD"
"135","Dry Goods","7050115","MUSTARD, DIJON PLASTIC JAR SHELF STABLE CLASSIC                            ","GREY POUPON",6/48 OZ     ,"","GROCERY, DRY","DRY FOOD"
"136","Dry Goods","7330202","MUSTARD, DIJON WHOLE GRAIN CAN SHELF STABLE","RYKOFF SEXTON",6/8.6 LB,"","GROCERY, DRY","DRY FOOD"
"137","Dry Goods","5406954","SEASONING, SEAFOOD SHELF STABLE SPICE                                      ","OLD BAY",24 OZ       ,"","GROCERY, DRY","DRY FOOD"
"138","Dry Goods","5043120","SEASONING, SEAFOOD SHELF STABLE SPICE                                      ","OLD BAY",7.5 LB      ,"","GROCERY, DRY","DRY FOOD"
"139","Dry Goods","6494538","SPICE, ONION POWDER PLASTIC JUG SHELF STABLE SEASONING                     ","MONARCH",6 LB        ,"","GROCERY, DRY","DRY FOOD"
"140","Dry Goods","4353280","SPICE, ONION POWDER PLASTIC SHAKER SHELF STABLE SEASONING                  ","MONARCH",20 OZ       ,"","GROCERY, DRY","DRY FOOD"
"141","Dry Goods","6778633","SPICE, ONION POWDER PLASTIC BOTTLE SHELF STABLE SEASONING                  ","UNISTEL",6/20 OZ     ,"","GROCERY, DRY","DRY FOOD"
"142","Dry Goods","760884","SPICE, GARLIC POWDER PLASTIC JUG SHELF STABLE SEASONING                    ","MONARCH",6 LB        ,"","GROCERY, DRY","DRY FOOD"
"143","Dry Goods","2501161","SPICE, GARLIC POWDER PLASTIC SHAKER SHELF STABLE SEASONING                 ","MONARCH",21 OZ       ,"","GROCERY, DRY","DRY FOOD"
"144","Dry Goods","2064982","CRUMB, BREAD PANKO PLAIN COARSE BAG                                        ","PACIFIC JADE",25 LB       ,"","GROCERY, DRY","DRY FOOD"
"145","Dry Goods","9332842","CRUMB, BREAD PANKO PLAIN EXTRA COARSE BAG                                  ","PACIFIC JADE",25 LB       ,"","GROCERY, DRY","DRY FOOD"
"146","Dry Goods","4999470","SALT, KOSHER GROUND COARSE BOX                                             ","MONARCH",12/3 LB     ,"","GROCERY, DRY","DRY FOOD"
"147","Dry Goods","773473","SALT, KOSHER NOT IODIZED GROUND FINE BOX SHELF STABLE","MONARCH",12/3 LB,"","GROCERY, DRY","DRY FOOD"
"148","Dry Goods","424722","SALT, KOSHER NOT IODIZED CRYSTAL COARSE BOX SHELF STABLE                   ","DIAMOND CRYSTAL",9/3 LB      ,"","GROCERY, DRY","DRY FOOD"
"149","Dry Goods","6330641","PEPPER, BELL RED SWEET FIRE ROASTED IN WATER DOMESTIC SHELF STABLE         ","ROSELI",6/#10 CN    ,"","GROCERY, DRY","DRY FOOD"
"150","Dry Goods","4326492","PEPPER, BELL RED SWEET PEELED FIRE ROASTED DOMESTIC SHELF STABLE           ","ROSELI",12/28 OZ    ,"","GROCERY, DRY","DRY FOOD"
"151","Dry Goods","5682315","PEPPER, RED STRIP 1/4 ROASTED IN WATER CAN SHELF STABLE                   ","ROSELI",12/28 OZ    ,"","GROCERY, DRY","DRY FOOD"
"152","Dry Goods","2329431","TOMATO, PASTE 26% LIGHT CANNED CALIFORNIA FANCY                            ","ROSELI",6/#10 CN    ,"","FRUITS and VEGETABLES, CANNED and DRIED","DRY FOOD"
"153","Dry Goods","4907945","TOMATO, CRUSHED IN JUICE SHELF STABLE CANNED                               ","HARVEST VALUE",6/#10 CN    ,"","FRUITS and VEGETABLES, CANNED and DRIED","DRY FOOD"
"154","Dry Goods","8328486","TOMATO, CRUSHED EXTRA-HEAVY CONCENTRATED CANNED                            ","MONARCH",6/#10 CN    ,"","FRUITS and VEGETABLES, CANNED and DRIED","DRY FOOD"
"155","Dry Goods","331229","PASTE, VANILLA BEAN MADAGASCAR BOURBON PLASTIC JUG SHELF STABLE            ","NIELSEN-MASSEY",4/1 GA      ,"","GROCERY, DRY","DRY FOOD"
"156","Dry Goods","3880744","FLAVORING, VANILLA PASTE SHELF STABLE                                      ","ARTISAN SPECIALTY FOODS",16 OZ       ,"","GROCERY, DRY","DRY FOOD"
"157","Dry Goods","9569757","OIL, RICE BRAN OLIVE AVOCADO GRAPESEED EXTRA VIRGIN SALAD and FRYING BAG-IN-B","LA PADELLA",10 LT       ,"","OILS and SHORTENING","DRY OILS"
"158","Disposables","9932178","GLOVE, NITRILE XL POWDER-FREE BLACK BEADED CUFF TEXTURED TIPS AMBIDEXTROUS ","TRONEX INTERNATIONAL",10/100 EA   ,"","DISPOSABLES","DRY NONFOOD"
"159","Disposables","1703916","GLOVE, NITRILE LARGE POWDER-FREE BLACK BEADED CUFF TEXTURED TIPS AMBIDEXTRO","TRONEX INTERNATIONAL",10/100 EA   ,"","DISPOSABLES","DRY NONFOOD"
"160","Disposables","4882283","GLOVE, NITRILE MEDIUM POWDER-FREE BLACK BEADED CUFF TEXTURED TIPS AMBIDEXTR","TRONEX INTERNATIONAL",10/100 EA   ,"","DISPOSABLES","DRY NONFOOD"
"161","Disposables","7632987","GLOVE, NITRILE SMALL POWDER-FREE BLUE AMBIDEXTROUS                         ","TRONEX INTERNATIONAL",10/100 EA   ,"","DISPOSABLES","DRY NONFOOD"
"162","Disposables","4833935","FILM, PLASTIC 12X2000' ROLL CUTTER BOX FOOD WRAP                          ","MONOGRAM",1 RL        ,"","DISPOSABLES","DRY NONFOOD"
"163","Disposables","7803109","FILM, 12X2000' PLASTIC ROLL CUTTER BOX WRAP                               ","VALU PLUS",1 RL        ,"","DISPOSABLES","DRY NONFOOD"
"164","Disposables","7803141","FILM, 18X2000' PLASTIC ROLL CUTTER BOX WRAP                               ","VALU PLUS",1 RL        ,"","DISPOSABLES","DRY NONFOOD"
"165","Disposables","7737695","FOIL, ALUMINUM 18X500' STANDARD ROLL WRAP","VALU PLUS",1 RL,"","DISPOSABLES","DRY NONFOOD"
"166","Disposables","1079572","FOIL, ALUMINUM 18X500' HEAVY-DUTY ROLL CUTTER BOX 100% RECYCLED WRAP      ","MONOGRAM",1 RL        ,"","DISPOSABLES","DRY NONFOOD"
"167","Disposables","7643539","BOWL, 80 OZ PET PLASTIC BLACK                                              ","MONOGRAM",50 EA       ,"","DISPOSABLES","DRY NONFOOD"
"168","Disposables","1845684","BOWL, PLA PLASTIC 24 OZ CLEAR W/ LID COMBO SALAD                           ","ECO-PRODUCTS",150 EA      ,"","DISPOSABLES","DRY NONFOOD"
"169","Disposables","5597943","BOWL, PLASTIC 160 OZ BLACK CATERING                                        ","SABERT",50 EA       ,"","DISPOSABLES","DRY NONFOOD"
"170","Disposables","1846120","BOWL, PLA PLASTIC 32 OZ CLEAR W/ LID COMBO SALAD BIODEGRADABLE             ","ECO-PRODUCTS",150 EA      ,"","DISPOSABLES","DRY NONFOOD"
"171","Disposables","5653118","LID, BOWL 80-160 OZ DOME PLASTIC SQUARE","SABERT",50 EA,"","DISPOSABLES","DRY NONFOOD"
"172","Disposables","8367741","BOX, BAKERY 10X10X5 WHITE PAPERBOARD LOCK CORNER CARDBOARD CONTAINER","BOXIT CORPORATION",100 EA,"","DISPOSABLES","DRY NONFOOD"
"173","Disposables","2961092","CUP, SOUFFLE POLYSTYRENE 2 OZ BLACK PORTION PLASTIC                        ","MONOGRAM",12/200 EA   ,"","DISPOSABLES","DRY NONFOOD"
"174","Disposables","2961068","CUP, SOUFFLE POLYSTYRENE 2 OZ TRANSLUCENT PORTION PLASTIC                  ","MONOGRAM",12/200 EA   ,"","DISPOSABLES","DRY NONFOOD"
"175","Disposables","2939346","LID, CUP SOUFFLE 1.5-2 OZ FLAT PET PLASTIC CLEAR PLASTIC COVER             ","MONOGRAM",24/100 EA   ,"","DISPOSABLES","DRY NONFOOD"
"176","Disposables","8739732","FORK, HEAVYWEIGHT BLACK POLYSTYRENE BULK PLASTIC                           ","MONOGRAM",1000 EA     ,"","DISPOSABLES","DRY NONFOOD"
"177","Disposables","8741530","FORK, MEDIUMWEIGHT BLACK POLYSTYRENE BULK PLASTIC","MONOGRAM",1000 EA,"","DISPOSABLES","DRY NONFOOD"
"178","Disposables","8743361","SPOON, TEA MEDIUMWEIGHT BLACK POLYSTYRENE BULK PLASTIC","MONOGRAM",1000 EA,"","DISPOSABLES","DRY NONFOOD"
"179","Disposables","8907222","SPOON, TEA POLYPROPYLENE MEDIUMWEIGHT WHITE BULK PLASTIC","MONOGRAM",1000 EA,"","DISPOSABLES","DRY NONFOOD"
"180","Disposables","8743130","KNIFE, MEDIUMWEIGHT BLACK POLYSTYRENE BULK PLASTIC","MONOGRAM",1000 EA,"","DISPOSABLES","DRY NONFOOD"
"181","Disposables","8907180","KNIFE, MEDIUMWEIGHT WHITE POLYPROPYLENE BULK PLASTIC","MONOGRAM",1000 EA,"","DISPOSABLES","DRY NONFOOD"
"182","Disposables","7670821","WRAP, 12X12 DRY WAX PAPER FLAT PACK METRO DELI SPECIAL PRINT               ","METRO DELI",4/1000 EA   ,"","DISPOSABLES","DRY NONFOOD"
"183","Disposables","8660821","WRAP, DELI 12X10.75 WAX PAPER INTERFOLD LARGE","HOFFMASTER",6000 EA,"","DISPOSABLES","DRY NONFOOD"
"184","Disposables","778688","WRAP, 8X10.75 WAX PAPER WHITE INTERFOLD                                    ","MONOGRAM",12/500 EA   ,"","DISPOSABLES","DRY NONFOOD"
"185","Disposables","778662","WRAP, 12X10.75 WAX PAPER WHITE INTERFOLD                                   ","MONOGRAM",12/500 EA   ,"","DISPOSABLES","DRY NONFOOD"
"186","Disposables","3230703","WRAP, PATTY 5.5X5.5 WAX PAPER FLAT PACK WHITE","HANDY WACKS",24/1000 EA,"","DISPOSABLES","DRY NONFOOD"
"187","Disposables","9328311","WRAP, 12X10.75 FOIL INTERFOLD POP UP SHEET ALUMINUM EMBOSSED               ","MONOGRAM",12/200 EA   ,"","DISPOSABLES","DRY NONFOOD"
"188","Disposables","1079339","WRAP, FOIL 9X10.75 INTERFOLD POP UP SHEET ALUMINUM 100% RECYCLED           ","MONOGRAM",6/500 EA    ,"","DISPOSABLES","DRY NONFOOD"
"189","Disposables","444943","TAPE, BOND CASH REGISTER WHITE 3X165' PAPER 1 PLY ROLL                    ","MONOGRAM",50 RL       ,"","DISPOSABLES","DRY NONFOOD"
"190","Disposables","5289376","TAPE, BOND CASH REGISTER WHITE 3X165' PAPER 1 PLY ROLL                    ","NATIONAL CHECK",30 RL       ,"","DISPOSABLES","DRY NONFOOD"
"191","Disposables","8658343","BAG, SHOPPING 10X6.75X12 PAPER KRAFT BROWN W/ HANDLE CARRY-OUT             ","MONOGRAM",250 EA      ,"","DISPOSABLES","DRY NONFOOD"
"192","Disposables","1259170","BAG, SHOPPING 12X9X15.75 PAPER KRAFT BROWN W/ TWIST HANDLE CARRY-OUT       ","MONOGRAM",200 EA      ,"","DISPOSABLES","DRY NONFOOD"
"193","Disposables","8690061","BAG, SHOPPING 13X7X17 PAPER KRAFT BROWN CARRY-OUT                          ","MONOGRAM",250 EA      ,"","DISPOSABLES","DRY NONFOOD"
"194","Disposables","8530852","BAG, CARRY-OUT 10X5X13 PAPER KRAFT BROWN MISSY W/ TWIST HANDLE GROCERY","PRIME-PAK",250 EA,"","DISPOSABLES","DRY NONFOOD"
"195","Disposables","6909648","BAG, CARRY-OUT 12X9X16 PAPER KRAFT BROWN REGAL W/ TWIST HANDLE GROCERY","PRIME-PAK",200 EA,"","DISPOSABLES","DRY NONFOOD"
"196","Disposables","7802515","NAPKIN, DINNER WHITE 15X16 1 PLY 1/8 FOLD PAPER","VALU PLUS",12/250 EA,"","DISPOSABLES","DRY NONFOOD"
"197","Disposables","8648073","NAPKIN, DINNER WHITE 17X17 2 PLY 1/8 FOLD PAPER","MONOGRAM",8/125 EA,"","DISPOSABLES","DRY NONFOOD"
"198","Disposables","883036","NAPKIN, DINNER 15X16 WHITE 2 PLY PAPER 1/8 FOLD                            ","DIXIE COMMERCIAL",24/126 EA   ,"","DISPOSABLES","DRY NONFOOD"
"199","Disposables","417618","TOWEL, PAPER 10.1X12.7 C FOLD WHITE 1 PLY                                  ","MONOGRAM",10/240 EA   ,"","DISPOSABLES","DRY NONFOOD"
"200","Disposables","7802598","TOWEL, PAPER 10.25X13 C FOLD WHITE 1 PLY","VALU PLUS",12/200 EA,"","DISPOSABLES","DRY NONFOOD"
"201","Disposables","8596355","TOWEL, PAPER 10X13 C FOLD WHITE 1 PLY BAGASSE","MONOGRAM",10/240 EA,"","DISPOSABLES","DRY NONFOOD"
"202","Disposables","778654","BAG, SANDWICH 6X.75X6.5 PAPER WHITE GREASE RESISTANT                       ","MONOGRAM",2000 EA     ,"","DISPOSABLES","DRY NONFOOD"
"203","Kitchen Supplies","3345980","KNIFE, BREAD 10 S/S SCALLOPED EDGE","SUPERIOR / CES",1 EA,"","EQUIPMENT and SUPPLIES","DRY EQUIP / SUPPLIES"
"204","Kitchen Supplies","2345981","KNIFE, BREAD 8 S/S SCALLOPED EDGE SANISAFE","SUPERIOR PRODUCTS",1 EA,"","EQUIPMENT and SUPPLIES","DRY EQUIP / SUPPLIES"
"205","Kitchen Supplies","465112","DISPENSER, SQUEEZE BOTTLE 16 OZ PLASTIC NATURAL WIDE MOUTH","TABLECRAFT",6 EA,"","EQUIPMENT and SUPPLIES","DRY EQUIP / SUPPLIES"
"206","Kitchen Supplies","464230","BOTTLE, POLYETHYLENE NATURAL PLASTIC 32 OZ W/ LID SQUEEZE                  ","TABLECRAFT",6 EA        ,"","EQUIPMENT and SUPPLIES","DRY EQUIP / SUPPLIES"
"207","Cleaning Supplies","7826449","LINER, 40-45 GAL 40X44 BLACK .8 MIL CORELESS ROLL LINEAR LOW DENSITY CAN   ","VALU PLUS",4/25 EA     ,"","DISPOSABLES","DRY NONFOOD"
"208","Cleaning Supplies","7912678","CLEANER, GLASS K42 LIQUID SPRAY BOTTLE BLUE FLORAL SCENT                   ","MONOGRAM / CLEAN FORCE",6/32 OZ     ,"","CHEMICALS and CLEANING AGENTS","DRY HAZARDOUS"
"209","Cleaning Supplies","9791092","CLEANER, FLOOR F20 LIQUID JUG RED CITRUS SCENT NEUTRAL","MONOGRAM / CLEAN FORCE",4/1 GA,"","CHEMICALS and CLEANING AGENTS","DRY HAZARDOUS"
"210","Cleaning Supplies","2959917","CLEANER, FLOOR ALL SURFACE F22 LIQUID PACKET RTU                           ","MONOGRAM / CLEAN FORCE",60/3 OZ     ,"","CHEMICALS and CLEANING AGENTS","DRY HAZARDOUS"
"211","Cleaning Supplies","7912702","CLEANER, FLOOR NEUTRAL F16 POWDER PACKET PINK CITRUS SCENT","MONOGRAM / CLEAN FORCE",2/90/.5 OZ,"","CHEMICALS and CLEANING AGENTS","DRY HAZARDOUS"
"212","Cleaning Supplies","6750400","CLEANER, ALL-PURPOSE WIPE POUCH WHITE CITRUS SCENT MULTI-SURFACE           ","SANI PROFESSIONAL",12/90 EA    ,"","CHEMICALS and CLEANING AGENTS","DRY HAZARDOUS"
"213","Cleaning Supplies","5662037","SANITIZER, SINK and SURFACE K84 EZ LIQUID CLEANER                            ","MONOGRAM / CLEAN FORCE",5 LT        ,"","CHEMICALS and CLEANING AGENTS","DRY HAZARDOUS"
"214","Cleaning Supplies","1483772","SANITIZER, SURFACE D24 E-Z LIQUID JUG RED QUATERNARY                       ","MONOGRAM / CLEAN FORCE",5 LT        ,"","CHEMICALS and CLEANING AGENTS","DRY HAZARDOUS"
"215","Cleaning Supplies","1514256","SANITIZER, SURFACE OASIS 146 CONCENTRATE JUG RED NO RINSE QUATERNARY       ","ECOLAB",2.5 GA      ,"","CHEMICALS and CLEANING AGENTS","DRY HAZARDOUS"
"216","Cleaning Supplies","4367561","DELIMER, REMOVER K1 LIQUID JUG CLEAR GREEN DESCALER                        ","MONOGRAM / CLEAN FORCE",4/1 GA      ,"","CHEMICALS and CLEANING AGENTS","DRY HAZARDOUS"
"217","Cleaning Supplies","6696848","BLEACH, DISINFECTANT LIQUID JUG CLEAR                                      ","MONOGRAM",6/1 GA      ,"","CHEMICALS and CLEANING AGENTS","DRY HAZARDOUS"
"218","Cleaning Supplies","7912660","CLEANER, OVEN and GRILL K44 AEROSOL CAN CLEAR ODORLESS                       ","MONOGRAM / CLEAN FORCE",6/20 OZ     ,"","CHEMICALS and CLEANING AGENTS","DRY HAZARDOUS"
"219","Cleaning Supplies","2950335","SCRUBBER, S/S 35 GR MEDIUM DUTY 400 SERIES","MONOGRAM",6/12 EA,"","EQUIPMENT and SUPPLIES","DRY EQUIP / SUPPLIES"
"220","Cleaning Supplies","2950343","SCRUBBER, S/S 50 GR HEAVY-DUTY 400 SERIES ECONOMY","MONOGRAM",6/12 EA,"","EQUIPMENT and SUPPLIES","DRY EQUIP / SUPPLIES"
"221","Cleaning Supplies","334524","SCRUBBER, 4.5X2.8 PURPLE HEAVY-DUTY PAD","3M SCOTCH BRITE",24 EA,"","EQUIPMENT and SUPPLIES","DRY EQUIP / SUPPLIES"
"222","Cleaning Supplies","8648701","TISSUE, TOILET STD ROLL 4X166.6' 500 SHEET 2 PLY WHITE EMBOSSED INDIVIDUAL","MONOGRAM",80 RL,"","DISPOSABLES","DRY NONFOOD"
"223","Cleaning Supplies","3675683","TISSUE, TOILET STD ROLL 4X183' 506 SHEET 2 PLY WHITE                      ","SCOTT PAPER",80 RL       ,"","DISPOSABLES","DRY NONFOOD"
"224","Cleaning Supplies","5112266","PAD, ISOPROPYL ALCOHOL 16 OZ BOTTLE","ACME UNITED CORPORATION",1 EA,"","DISPOSABLES","DRY NONFOOD"
"225","Packaging Supplies","3073455","CONTAINER, 32 OZ 1 CMPT POLYPROPYLENE CLEAR ROUND DELI PLASTIC CARRY-OUT   ","VALU PLUS",20/25 EA    ,"","DISPOSABLES","DRY NONFOOD"
"226","Packaging Supplies","9275051","LID, CONTAINER 8-32 OZ FLAT POLYPROPYLENE CLEAR DELI PLASTIC COVER","VALU PLUS",10/50 EA,"","DISPOSABLES","DRY NONFOOD"
"227","Packaging Supplies","3563815","CONTAINER, 16 OZ ROUND 1 CMPT POLYPROPYLENE DELI CLEAR CARRY-OUT PLASTIC   ","VALU PLUS",10/50 EA    ,"","DISPOSABLES","DRY NONFOOD"
"228","Packaging Supplies","9823631","CONTAINER, 8 OZ ROUND 1 CMPT POLYPROPYLENE DELI CLEAR CARRY-OUT PLASTIC    ","VALU PLUS",10/50 EA    ,"","DISPOSABLES","DRY NONFOOD"
"229","Packaging Supplies","6651246","CONTAINER, 8 OZ ROUND 1 CMPT POLYPROPYLENE DELI W/ LID CLEAR HOT/COLD COMBO","MONOGRAM",240 EA      ,"","DISPOSABLES","DRY NONFOOD"
"230","Peppers","1810803","PEPPER, CHERRY HOT RED GREEN and ORANGE SLICED IN VINEGAR DOMESTIC PLASTIC JA","ROSELI",4/1 GA      ,"","GROCERY, DRY","DRY FOOD"
"231","Peppers","1803014","PEPPER, BELL GREEN and RED SWEET STRIP IN BRINE DOMESTIC PLASTIC JAR REF     ","MONARCH",4/1 GA      ,"","GROCERY, REF and FZN","REF 33 - 40 NOT RAW"
"232","Beverage","5997739","WATER, SPRING PLASTIC BOTTLE VARIABLE","DEER PARK",24/20 OZ,"","BEVERAGE","DRY FOOD"
"233","Beverage","6688414","WATER, SPRING PLASTIC BOTTLE VARIABLE","DEER PARK",24/.5 LT,"","BEVERAGE","DRY FOOD"
"234","Beverage","5488748","WATER, PURIFIED PLASTIC BOTTLE TWIST CAP SHELF STABLE                      ","THIRSTER",24/16.9 OZ  ,"","BEVERAGE","DRY FOOD"
"235","Beverage","9761165","WATER, SPRING PLASTIC BOTTLE TWIST CAP SHELF STABLE                        ","THIRSTER",24/16.9 OZ  ,"","BEVERAGE","DRY FOOD"
"236","Beverage","1579327","WATER, PURIFIED PLASTIC BOTTLE SHELF STABLE VARIABLE","PURE LIFE",24/16.9 OZ,"","BEVERAGE","DRY FOOD"
"237","Beverage","3554565","DRINK, SODA COLA COKE CLASSIC CAN","COKE/102600",24/12 OZ,"","BEVERAGE","DRY FOOD"
"238","Beverage","3112695","DRINK, SODA COLA DIET COKE CAN                                             ","COKE/102600",24/12 OZ    ,"","BEVERAGE","DRY FOOD"
"239","Beverage","8387194","WATER, MINERAL GLASS BOTTLE                                                ","TOPO CHICO",24/12 OZ    ,"","BEVERAGE","DRY FOOD"
"240","Beverage","3577996","WATER, MINERAL GLASS BOTTLE","TOPO CHICO",12/25.4 OZ,"","BEVERAGE","DRY FOOD"
"241","Beverage","1433014","JUICE, LEMONADE DRINK 20% PLASTIC BOTTLE REF                               ","NATALIE'S",6/16 OZ     ,"","BEVERAGE","REF 33 - 40 NOT RAW"
